image,text,class,source
0000_99fee24e-0OCd56cuDat_bus_number.jpg,9714,bus_number,99fee24e-0OCd56cuDathc2_Qsflh52t5vz47vax_weFwvZxaFM7vAiSz4-4RcKWbsMvDPEkQ68fnC_W2IoGeD.webp
0001_99fee24e-0OCd56cuDat_license.jpg,서울 75 사 1255,license,99fee24e-0OCd56cuDathc2_Qsflh52t5vz47vax_weFwvZxaFM7vAiSz4-4RcKWbsMvDPEkQ68fnC_W2IoGeD.webp
0002_f9b34424-0QCCjgH3ILl_bus_number.jpg,707,bus_number,f9b34424-0QCCjgH3ILl8CXhSHLem1l76bfPc4AxD0f2Pv8X8B_V8NKJMq1pbSe9hGXUXi97wFlYOL_KkAJmeL.webp
0003_f9b34424-0QCCjgH3ILl_bus_number.jpg,707,bus_number,f9b34424-0QCCjgH3ILl8CXhSHLem1l76bfPc4AxD0f2Pv8X8B_V8NKJMq1pbSe9hGXUXi97wFlYOL_KkAJmeL.webp
0004_f9b34424-0QCCjgH3ILl_license.jpg,서울 74 사 3096,license,f9b34424-0QCCjgH3ILl8CXhSHLem1l76bfPc4AxD0f2Pv8X8B_V8NKJMq1pbSe9hGXUXi97wFlYOL_KkAJmeL.webp
0005_90ac3706-13214_18657_bus_number.jpg,2227,bus_number,90ac3706-13214_18657_156.jpg
0006_90ac3706-13214_18657_license.jpg,서울 71 사 2239,license,90ac3706-13214_18657_156.jpg
0007_fadf00bf-17293208935_bus_number.jpg,401,bus_number,fadf00bf-1729320893544676.jpeg
0008_fadf00bf-17293208935_license.jpg,서울 74 사 2074,license,fadf00bf-1729320893544676.jpeg
0009_fadf00bf-17293208935_bus_number.jpg,401,bus_number,fadf00bf-1729320893544676.jpeg
0010_46f989bb-18d1e2df_bus_number.jpg,708,bus_number,46f989bb-18d1e2df.jpg
0011_802c67e1-2016_12_09__bus_number.jpg,9703,bus_number,802c67e1-2016_12_09_13_18_49.jpg
0012_802c67e1-2016_12_09__license.jpg,서울 75 사 1265,license,802c67e1-2016_12_09_13_18_49.jpg
0013_802c67e1-2016_12_09__bus_number.jpg,9703,bus_number,802c67e1-2016_12_09_13_18_49.jpg
0014_b64c034b-20250507092_bus_number.jpg,601,bus_number,b64c034b-2025050709244646531_1746577485.jpg
0015_7b95f5c5-23011_29970_bus_number.jpg,603,bus_number,7b95f5c5-23011_29970_1558.png
0016_7b95f5c5-23011_29970_bus_number.jpg,603,bus_number,7b95f5c5-23011_29970_1558.png
0017_7b95f5c5-23011_29970_license.jpg,서울 70 사 7981,license,7b95f5c5-23011_29970_1558.png
0018_6e26082a-23013011291_bus_number.jpg,601,bus_number,6e26082a-2301301129121220.jpg
0019_6e26082a-23013011291_license.jpg,서울 74 사 1437,license,6e26082a-2301301129121220.jpg
0020_6e1d961f-24433_27847_bus_number.jpg,162,bus_number,6e1d961f-24433_27847_5741.jpg
0021_6e1d961f-24433_27847_bus_number.jpg,162,bus_number,6e1d961f-24433_27847_5741.jpg
0022_6e1d961f-24433_27847_bus_number.jpg,162,bus_number,6e1d961f-24433_27847_5741.jpg
0023_3d5909ce-25052215515_bus_number.jpg,양천 03,bus_number,3d5909ce-250522155154371_w.webp
0024_3d5909ce-25052215515_bus_number.jpg,8026,bus_number,3d5909ce-250522155154371_w.webp
0025_757b9b32-2dFlYqp-IoG_bus_number.jpg,148,bus_number,757b9b32-2dFlYqp-IoGh5vW_C3j4TiWTcvqyi-RMLWj1XL2j_02qE_PicomE0PX1OoA497hbtIHLC_yAVD2dC.webp
0026_757b9b32-2dFlYqp-IoG_license.jpg,서울 74 사 8967,license,757b9b32-2dFlYqp-IoGh5vW_C3j4TiWTcvqyi-RMLWj1XL2j_02qE_PicomE0PX1OoA497hbtIHLC_yAVD2dC.webp
0027_757b9b32-2dFlYqp-IoG_bus_number.jpg,148,bus_number,757b9b32-2dFlYqp-IoGh5vW_C3j4TiWTcvqyi-RMLWj1XL2j_02qE_PicomE0PX1OoA497hbtIHLC_yAVD2dC.webp
0028_757b9b32-2dFlYqp-IoG_bus_number.jpg,8967,bus_number,757b9b32-2dFlYqp-IoGh5vW_C3j4TiWTcvqyi-RMLWj1XL2j_02qE_PicomE0PX1OoA497hbtIHLC_yAVD2dC.webp
0029_66bf8bfe-2LUzFAZxFNf_bus_number.jpg,7739,bus_number,66bf8bfe-2LUzFAZxFNfr7tHsrsYW7hW-2mi_Hyek0KXm3--wuygR2aRa3qIaUPs0POt7J5wdF-fwt_aeaBaSP.webp
0030_66bf8bfe-2LUzFAZxFNf_license.jpg,서울 70 사 7246,license,66bf8bfe-2LUzFAZxFNfr7tHsrsYW7hW-2mi_Hyek0KXm3--wuygR2aRa3qIaUPs0POt7J5wdF-fwt_aeaBaSP.webp
0031_7ffc1d25-32227_33194_bus_number.jpg,서초 22,bus_number,7ffc1d25-32227_33194_3423.jpg
0032_8813207b-3266439_332_bus_number.jpg,506,bus_number,8813207b-3266439_3329902_4422.jpg
0033_7d19d7fe-3cZY9yyMhBD_bus_number.jpg,6630,bus_number,7d19d7fe-3cZY9yyMhBDYw_dpij7POwWzXAb6gt4yZk027Pruk3etfmE9p9KG-G34nhGQw853kSVgR_vCR9zrb.webp
0034_7d19d7fe-3cZY9yyMhBD_bus_number.jpg,6630,bus_number,7d19d7fe-3cZY9yyMhBDYw_dpij7POwWzXAb6gt4yZk027Pruk3etfmE9p9KG-G34nhGQw853kSVgR_vCR9zrb.webp
0035_7d19d7fe-3cZY9yyMhBD_license.jpg,서울 71 사 2226,license,7d19d7fe-3cZY9yyMhBDYw_dpij7POwWzXAb6gt4yZk027Pruk3etfmE9p9KG-G34nhGQw853kSVgR_vCR9zrb.webp
0036_64411499-3Xjgq52dj1r_bus_number.jpg,도봉 01,bus_number,64411499-3Xjgq52dj1rB9JTaAywt7wZRFsVlI1BqKe4n-P-PrIarOo7ZzdpM_uOIx_vqdPZWqu0Gc_WafTf2C.webp
0037_64411499-3Xjgq52dj1r_bus_number.jpg,30,bus_number,64411499-3Xjgq52dj1rB9JTaAywt7wZRFsVlI1BqKe4n-P-PrIarOo7ZzdpM_uOIx_vqdPZWqu0Gc_WafTf2C.webp
0038_64411499-3Xjgq52dj1r_license.jpg,서울 75 사 3230,license,64411499-3Xjgq52dj1rB9JTaAywt7wZRFsVlI1BqKe4n-P-PrIarOo7ZzdpM_uOIx_vqdPZWqu0Gc_WafTf2C.webp
0039_f41eb6bd-40_8260382_bus_number.jpg,영등포 05,bus_number,f41eb6bd-40_8260382.jpg
0040_f41eb6bd-40_8260382_bus_number.jpg,영등포 05,bus_number,f41eb6bd-40_8260382.jpg
0041_f41eb6bd-40_8260382_bus_number.jpg,05,bus_number,f41eb6bd-40_8260382.jpg
0042_f41eb6bd-40_8260382_license.jpg,서울 70 사 8556,license,f41eb6bd-40_8260382.jpg
0043_f34a8b86-4118_5200_5_bus_number.jpg,9100,bus_number,f34a8b86-4118_5200_557.jpg
0044_f34a8b86-4118_5200_5_bus_number.jpg,9100,bus_number,f34a8b86-4118_5200_557.jpg
0045_f34a8b86-4118_5200_5_license.jpg,인천 70 바 4624,license,f34a8b86-4118_5200_557.jpg
0046_efa61654-5153469acb5_bus_number.jpg,640,bus_number,efa61654-5153469acb5ddd0d12219d14668dd5094c0a5e2f294f6cc10182cefb63be8a7b.png
0047_efa61654-5153469acb5_license.jpg,서울 70 사 7985,license,efa61654-5153469acb5ddd0d12219d14668dd5094c0a5e2f294f6cc10182cefb63be8a7b.png
0048_37bc0059-6TIR786TOIw_bus_number.jpg,1114,bus_number,37bc0059-6TIR786TOIw9Dij-QUJClDo8qeIbI8rEtv5o1e7H-Z4BHfFCT0XN6ljHhOxPvdyxfOMR__BFsOvwX.webp
0049_37bc0059-6TIR786TOIw_license.jpg,서울 70 사 6525,license,37bc0059-6TIR786TOIw9Dij-QUJClDo8qeIbI8rEtv5o1e7H-Z4BHfFCT0XN6ljHhOxPvdyxfOMR__BFsOvwX.webp
0050_1b0b17a7-740964_3495_bus_number.jpg,1002,bus_number,1b0b17a7-740964_349567_1712.jpg
0051_1b0b17a7-740964_3495_bus_number.jpg,1002,bus_number,1b0b17a7-740964_349567_1712.jpg
0052_dad63eaf-76sjVzDuRgd_bus_number.jpg,605,bus_number,dad63eaf-76sjVzDuRgdFbOawV5qURFpufhdrBRDwiseDKBYgmfj6BPSdP4-xLSA9DR8D6fORQvpyt_C7UcuWK.webp
0053_dad63eaf-76sjVzDuRgd_bus_number.jpg,605,bus_number,dad63eaf-76sjVzDuRgdFbOawV5qURFpufhdrBRDwiseDKBYgmfj6BPSdP4-xLSA9DR8D6fORQvpyt_C7UcuWK.webp
0054_dad63eaf-76sjVzDuRgd_license.jpg,서울 70 사 8142,license,dad63eaf-76sjVzDuRgdFbOawV5qURFpufhdrBRDwiseDKBYgmfj6BPSdP4-xLSA9DR8D6fORQvpyt_C7UcuWK.webp
0055_967886eb-7moU_V4BU7b_bus_number.jpg,640,bus_number,967886eb-7moU_V4BU7beL8DH7zeXMbbypI3erW1nVznVOhecU2GRo0cqEaxSlhxMYOZVvynpkiiKm_Jt3cpMY.webp
0056_967886eb-7moU_V4BU7b_license.jpg,서울 70 사 7978,license,967886eb-7moU_V4BU7beL8DH7zeXMbbypI3erW1nVznVOhecU2GRo0cqEaxSlhxMYOZVvynpkiiKm_Jt3cpMY.webp
0057_4eea2cce-7NpjSlnRxjY_bus_number.jpg,400,bus_number,4eea2cce-7NpjSlnRxjYo1DsT55g8gxd3ec-5fK6bgzFNfAQfprKA_0EoeS6ivjQBYsx8lQrVcfZzt_4AKdOC6.webp
0058_4eea2cce-7NpjSlnRxjY_bus_number.jpg,400,bus_number,4eea2cce-7NpjSlnRxjYo1DsT55g8gxd3ec-5fK6bgzFNfAQfprKA_0EoeS6ivjQBYsx8lQrVcfZzt_4AKdOC6.webp
0059_4eea2cce-7NpjSlnRxjY_license.jpg,서울 74 사 3118,license,4eea2cce-7NpjSlnRxjYo1DsT55g8gxd3ec-5fK6bgzFNfAQfprKA_0EoeS6ivjQBYsx8lQrVcfZzt_4AKdOC6.webp
0060_46f93e66-8aEC69yhT3p_bus_number.jpg,6411,bus_number,46f93e66-8aEC69yhT3plH5Laz6UaxdIO0NrzEnftKQEzxiQ34VxNt8qzd6kYCHvIL_N5a7DKQbprG_wiX3FRk.webp
0061_46f93e66-8aEC69yhT3p_bus_number.jpg,6411,bus_number,46f93e66-8aEC69yhT3plH5Laz6UaxdIO0NrzEnftKQEzxiQ34VxNt8qzd6kYCHvIL_N5a7DKQbprG_wiX3FRk.webp
0062_46f93e66-8aEC69yhT3p_license.jpg,서울 74 사 8885,license,46f93e66-8aEC69yhT3plH5Laz6UaxdIO0NrzEnftKQEzxiQ34VxNt8qzd6kYCHvIL_N5a7DKQbprG_wiX3FRk.webp
0063_f52cfed5-8h_3ThwYUWc_bus_number.jpg,6102,bus_number,f52cfed5-8h_3ThwYUWc907lWZBTiRIbC0kAsvTKyTmit4-i8-qLD_l0JGObGHqNf1JSJqO2MJJM1u_cj099iP.webp
0064_f52cfed5-8h_3ThwYUWc_bus_number.jpg,6102,bus_number,f52cfed5-8h_3ThwYUWc907lWZBTiRIbC0kAsvTKyTmit4-i8-qLD_l0JGObGHqNf1JSJqO2MJJM1u_cj099iP.webp
0065_f52cfed5-8h_3ThwYUWc_license.jpg,서울 75 사 3213,license,f52cfed5-8h_3ThwYUWc907lWZBTiRIbC0kAsvTKyTmit4-i8-qLD_l0JGObGHqNf1JSJqO2MJJM1u_cj099iP.webp
0066_4e8bf51b-8j4JR31RyWJ_bus_number.jpg,8671,bus_number,4e8bf51b-8j4JR31RyWJjflObXDAcgK4MnwXlP-XlNcJsFkPqaJCVuWpMTQor6oBayoe4DEIprDUr9_fm3GMQI.webp
0067_4e8bf51b-8j4JR31RyWJ_license.jpg,서울 74 사 9381,license,4e8bf51b-8j4JR31RyWJjflObXDAcgK4MnwXlP-XlNcJsFkPqaJCVuWpMTQor6oBayoe4DEIprDUr9_fm3GMQI.webp
0068_1bde0415-acFo9hQSmds_bus_number.jpg,146,bus_number,1bde0415-acFo9hQSmdsYi-VIFfj8b-ZgLq2r3iGEeE6Zj8UKV2JgT_oS1O_tZAxwgIzgAw3QGWww8_P0r5l2z.webp
0069_1bde0415-acFo9hQSmds_license.jpg,서울 74 사 3526,license,1bde0415-acFo9hQSmdsYi-VIFfj8b-ZgLq2r3iGEeE6Zj8UKV2JgT_oS1O_tZAxwgIzgAw3QGWww8_P0r5l2z.webp
0070_b5121c07-afnnyKbwj6b_bus_number.jpg,262,bus_number,b5121c07-afnnyKbwj6bFUJyxpRGBILYxdq2FToZPNJLslLA-wW7QY5cIKibD4pLVMwCrJPZdosuOH_UpKHLvs.webp
0071_b5121c07-afnnyKbwj6b_license.jpg,서울 70 사 6349,license,b5121c07-afnnyKbwj6bFUJyxpRGBILYxdq2FToZPNJLslLA-wW7QY5cIKibD4pLVMwCrJPZdosuOH_UpKHLvs.webp
0072_33c4b199-aGGA5R7g6Kc_bus_number.jpg,1143,bus_number,33c4b199-aGGA5R7g6KcAwCMx8_9DH1BkDXCZLCNkN4MqR1YYmGNDcWij9hrXo2FXbmmRy5qRyR9Cs_QXStWVx.webp
0073_33c4b199-aGGA5R7g6Kc_license.jpg,서울 74 사 8727,license,33c4b199-aGGA5R7g6KcAwCMx8_9DH1BkDXCZLCNkN4MqR1YYmGNDcWij9hrXo2FXbmmRy5qRyR9Cs_QXStWVx.webp
0074_b5d156d6-art_159326__bus_number.jpg,1711,bus_number,b5d156d6-art_159326_1711613964.jpg
0075_b5d156d6-art_159326__license.jpg,서울 74 사 1803,license,b5d156d6-art_159326_1711613964.jpg
0076_963a7125-b21HGuk5_Fy_bus_number.jpg,11,bus_number,963a7125-b21HGuk5_Fyn5u1KUijSmN1A-LHvh5yVZeJHg7zUpvxXxwW6_y48EKXXqGLSeKF1n83kP_eNGIjyC.webp
0077_963a7125-b21HGuk5_Fy_bus_number.jpg,서초 11,bus_number,963a7125-b21HGuk5_Fyn5u1KUijSmN1A-LHvh5yVZeJHg7zUpvxXxwW6_y48EKXXqGLSeKF1n83kP_eNGIjyC.webp
0078_963a7125-b21HGuk5_Fy_license.jpg,서울 70 사 9103,license,963a7125-b21HGuk5_Fyn5u1KUijSmN1A-LHvh5yVZeJHg7zUpvxXxwW6_y48EKXXqGLSeKF1n83kP_eNGIjyC.webp
0079_8d5a5849-b5ZqKpeUDUC_bus_number.jpg,8561,bus_number,8d5a5849-b5ZqKpeUDUCBVLuivtJVy7HB3OKAk9o8CSpKh31a8gXpJJT7mduvL_vzMt8AcSCJHu5Fa_lIYdCDf.webp
0080_8d5a5849-b5ZqKpeUDUC_bus_number.jpg,8561,bus_number,8d5a5849-b5ZqKpeUDUCBVLuivtJVy7HB3OKAk9o8CSpKh31a8gXpJJT7mduvL_vzMt8AcSCJHu5Fa_lIYdCDf.webp
0081_8d5a5849-b5ZqKpeUDUC_license.jpg,서울 74 사 8352,license,8d5a5849-b5ZqKpeUDUCBVLuivtJVy7HB3OKAk9o8CSpKh31a8gXpJJT7mduvL_vzMt8AcSCJHu5Fa_lIYdCDf.webp
0082_19d5686a-b9b_SjtjrTG_bus_number.jpg,603,bus_number,19d5686a-b9b_SjtjrTGwEH_6yxLeVlYYEvEGizVKB2K75-hhhbjblAgmRqq0DkA5i2UjqtqipmttP_noWc3i4.webp
0083_19d5686a-b9b_SjtjrTG_license.jpg,서울 70 사 7977,license,19d5686a-b9b_SjtjrTGwEH_6yxLeVlYYEvEGizVKB2K75-hhhbjblAgmRqq0DkA5i2UjqtqipmttP_noWc3i4.webp
0084_29eea16b-basic_img_0_bus_number.jpg,마포 17,bus_number,29eea16b-basic_img_000014429_1.jpg
0085_f0b1fcf1-bb603674c9a_bus_number.jpg,150,bus_number,f0b1fcf1-bb603674c9ab29c1dc6d874c338162d45f08fea5b4776a8260f45308161edaf0.webp
0086_f0b1fcf1-bb603674c9a_license.jpg,서울 70 사 6666,license,f0b1fcf1-bb603674c9ab29c1dc6d874c338162d45f08fea5b4776a8260f45308161edaf0.webp
0087_f584bde2-boLpiyyG5Yq_bus_number.jpg,262,bus_number,f584bde2-boLpiyyG5YqkzaMqwJxT0oac7_tez6Yl41h1TotpcJQIXeSoATNvzZdpkt_zkF3PBt9je_5XGiz2J.webp
0088_f584bde2-boLpiyyG5Yq_license.jpg,서울 70 사 6260,license,f584bde2-boLpiyyG5YqkzaMqwJxT0oac7_tez6Yl41h1TotpcJQIXeSoATNvzZdpkt_zkF3PBt9je_5XGiz2J.webp
0089_5bd6aa50-C6lJba9BlXA_bus_number.jpg,4318,bus_number,5bd6aa50-C6lJba9BlXATOii4auYwG9hd3B7szKrFLj8HVu4ttKsc6XUtIgtqsjhOmoxq69rD3Gsjb_PI8emaY.webp
0090_5bd6aa50-C6lJba9BlXA_license.jpg,서울 74 사 7059,license,5bd6aa50-C6lJba9BlXATOii4auYwG9hd3B7szKrFLj8HVu4ttKsc6XUtIgtqsjhOmoxq69rD3Gsjb_PI8emaY.webp
0091_7aa9326c-ClD4dgocSaP_bus_number.jpg,6211,bus_number,7aa9326c-ClD4dgocSaPWr-QxRFJRapP-CZ4SrgZo8EQqJ7YI2KdUl_ogroEbfop2HQO_HwrDxTjS3_AvtLh5x.webp
0092_7aa9326c-ClD4dgocSaP_license.jpg,서울 70 사 8007,license,7aa9326c-ClD4dgocSaPWr-QxRFJRapP-CZ4SrgZo8EQqJ7YI2KdUl_ogroEbfop2HQO_HwrDxTjS3_AvtLh5x.webp
0093_7aa9326c-ClD4dgocSaP_bus_number.jpg,6211,bus_number,7aa9326c-ClD4dgocSaPWr-QxRFJRapP-CZ4SrgZo8EQqJ7YI2KdUl_ogroEbfop2HQO_HwrDxTjS3_AvtLh5x.webp
0094_bbb69bb6-CRrn8T9AR0J_bus_number.jpg,130,bus_number,bbb69bb6-CRrn8T9AR0J8BpAiTxolZrDVFs_9WI-u6TKk-mwY3VTqYhbxSLIEEx3q51UAXkeCHRuOR_dFyEVg1.webp
0095_bbb69bb6-CRrn8T9AR0J_license.jpg,서울 74 사 3271,license,bbb69bb6-CRrn8T9AR0J8BpAiTxolZrDVFs_9WI-u6TKk-mwY3VTqYhbxSLIEEx3q51UAXkeCHRuOR_dFyEVg1.webp
0096_fb97c899-dGL62cwbPYc_bus_number.jpg,1162,bus_number,fb97c899-dGL62cwbPYcGXkjyueK2b_iHuDrbd_C-rHn8VYCLk8n1uI9mcBlgJJPqwJMBHp4xGT28S_xJlfY67.webp
0097_fb97c899-dGL62cwbPYc_bus_number.jpg,1162,bus_number,fb97c899-dGL62cwbPYcGXkjyueK2b_iHuDrbd_C-rHn8VYCLk8n1uI9mcBlgJJPqwJMBHp4xGT28S_xJlfY67.webp
0098_fb97c899-dGL62cwbPYc_license.jpg,서울 74 사 7640,license,fb97c899-dGL62cwbPYcGXkjyueK2b_iHuDrbd_C-rHn8VYCLk8n1uI9mcBlgJJPqwJMBHp4xGT28S_xJlfY67.webp
0099_d2783e6d-DH-dcUmNh7M_bus_number.jpg,N13,bus_number,d2783e6d-DH-dcUmNh7MCoGTiywTqtoCL_JpWPEBBztI8pIRdqje8E87jWIeIM8aSoqsf8i2Lw07km_I333zUK.webp
0100_d2783e6d-DH-dcUmNh7M_license.jpg,서울 71 사 1854,license,d2783e6d-DH-dcUmNh7MCoGTiywTqtoCL_JpWPEBBztI8pIRdqje8E87jWIeIM8aSoqsf8i2Lw07km_I333zUK.webp
0101_f0dd2687-DSC09542_bus_number.jpg,01,bus_number,f0dd2687-DSC09542.jpg
0102_f0dd2687-DSC09542_bus_number.jpg,동작 01,bus_number,f0dd2687-DSC09542.jpg
0103_f0dd2687-DSC09542_license.jpg,서울 75 사 8774,license,f0dd2687-DSC09542.jpg
0104_bb87ea62-e1pvHx1C9VL_bus_number.jpg,701,bus_number,bb87ea62-e1pvHx1C9VLBskkqTA2RGTeqRhz7SFwNbKon4hEV2fMWMXQySNRfFW5F_z455ZTKLQ1zD_tSEkyHw.webp
0105_bb87ea62-e1pvHx1C9VL_license.jpg,서울 74 사 7920,license,bb87ea62-e1pvHx1C9VLBskkqTA2RGTeqRhz7SFwNbKon4hEV2fMWMXQySNRfFW5F_z455ZTKLQ1zD_tSEkyHw.webp
0106_b0d55d87-ea9c80076a8_bus_number.jpg,양천 01,bus_number,b0d55d87-ea9c80076a858f80764c91ce6b39f1d1dda5724f677036863e1286ce7c7a0973.webp
0107_b0d55d87-ea9c80076a8_bus_number.jpg,양천 01,bus_number,b0d55d87-ea9c80076a858f80764c91ce6b39f1d1dda5724f677036863e1286ce7c7a0973.webp
0108_b0d55d87-ea9c80076a8_license.jpg,서울 70 사 8027,license,b0d55d87-ea9c80076a858f80764c91ce6b39f1d1dda5724f677036863e1286ce7c7a0973.webp
0109_f0b2e4e2-ECNWPDZojmP_bus_number.jpg,8761,bus_number,f0b2e4e2-ECNWPDZojmPmRG0OSQyhooKKHKwZYWQ1ZFU-CHz8ChAOhPkxtvzQZJ6FSOX93aCcQNKCe_H8cRofP.webp
0110_f0b2e4e2-ECNWPDZojmP_bus_number.jpg,8761,bus_number,f0b2e4e2-ECNWPDZojmPmRG0OSQyhooKKHKwZYWQ1ZFU-CHz8ChAOhPkxtvzQZJ6FSOX93aCcQNKCe_H8cRofP.webp
0111_f0b2e4e2-ECNWPDZojmP_license.jpg,서울 74 사 4147,license,f0b2e4e2-ECNWPDZojmPmRG0OSQyhooKKHKwZYWQ1ZFU-CHz8ChAOhPkxtvzQZJ6FSOX93aCcQNKCe_H8cRofP.webp
0112_67a35925-eozBP-GBHix_bus_number.jpg,01,bus_number,67a35925-eozBP-GBHixUglQ-d8UqKddrgpj6kZ74IDTQbEEhn0j8YVRvdSPTANj5yWOXWnSDuEyIb_pz2G2p0.webp
0113_67a35925-eozBP-GBHix_bus_number.jpg,송파 01,bus_number,67a35925-eozBP-GBHixUglQ-d8UqKddrgpj6kZ74IDTQbEEhn0j8YVRvdSPTANj5yWOXWnSDuEyIb_pz2G2p0.webp
0114_67a35925-eozBP-GBHix_license.jpg,서울 75 사 5390,license,67a35925-eozBP-GBHixUglQ-d8UqKddrgpj6kZ74IDTQbEEhn0j8YVRvdSPTANj5yWOXWnSDuEyIb_pz2G2p0.webp
0115_7eb083e5-faFWnBaWbKA_bus_number.jpg,7737,bus_number,7eb083e5-faFWnBaWbKAaNwRYb_ZXp7MIWZUkhBDBR9c6hk1ItABK9gi3kTw4al6Raum3I6RpceZPg_VbbpiJq.webp
0116_7eb083e5-faFWnBaWbKA_bus_number.jpg,7737,bus_number,7eb083e5-faFWnBaWbKAaNwRYb_ZXp7MIWZUkhBDBR9c6hk1ItABK9gi3kTw4al6Raum3I6RpceZPg_VbbpiJq.webp
0117_7eb083e5-faFWnBaWbKA_license.jpg,서울 70 사 7254,license,7eb083e5-faFWnBaWbKAaNwRYb_ZXp7MIWZUkhBDBR9c6hk1ItABK9gi3kTw4al6Raum3I6RpceZPg_VbbpiJq.webp
0118_8ad550ef-fcp0CVlBWNB_bus_number.jpg,360,bus_number,8ad550ef-fcp0CVlBWNBHq783mMFO2m-BLIsBYtA8eNqPaKIOyxfXycYavuvymNy7WGYq8LvgOAD9c_j7jeu0M.webp
0119_8ad550ef-fcp0CVlBWNB_license.jpg,서울 74 사 7871,license,8ad550ef-fcp0CVlBWNBHq783mMFO2m-BLIsBYtA8eNqPaKIOyxfXycYavuvymNy7WGYq8LvgOAD9c_j7jeu0M.webp
0120_47959a3f-fodcpDTzmvp_bus_number.jpg,700,bus_number,47959a3f-fodcpDTzmvpHGJa-JWtHfhwtDh2643qprudYh6PHeEesj8QrV18f4-N9xx6udw7wBqH45_Y29WZEu.webp
0121_47959a3f-fodcpDTzmvp_bus_number.jpg,700,bus_number,47959a3f-fodcpDTzmvpHGJa-JWtHfhwtDh2643qprudYh6PHeEesj8QrV18f4-N9xx6udw7wBqH45_Y29WZEu.webp
0122_47959a3f-fodcpDTzmvp_license.jpg,서울 75 사 1773,license,47959a3f-fodcpDTzmvpHGJa-JWtHfhwtDh2643qprudYh6PHeEesj8QrV18f4-N9xx6udw7wBqH45_Y29WZEu.webp
0123_13612854-FSNolFi4oQC_bus_number.jpg,126,bus_number,13612854-FSNolFi4oQC8eNOJ9Z_lu5Zg8ds5Oy1tWdYbIqBnlFCs31pT8Tiy5L__vYyGQ_PpOsjkY_WcV6caE.webp
0124_13612854-FSNolFi4oQC_bus_number.jpg,126,bus_number,13612854-FSNolFi4oQC8eNOJ9Z_lu5Zg8ds5Oy1tWdYbIqBnlFCs31pT8Tiy5L__vYyGQ_PpOsjkY_WcV6caE.webp
0125_13612854-FSNolFi4oQC_license.jpg,부산 70 자 2662,license,13612854-FSNolFi4oQC8eNOJ9Z_lu5Zg8ds5Oy1tWdYbIqBnlFCs31pT8Tiy5L__vYyGQ_PpOsjkY_WcV6caE.webp
0126_ba9534f6-fxcCbtBRQEh_bus_number.jpg,340,bus_number,ba9534f6-fxcCbtBRQEhaxiqZLZtja6Y03nDJizzzQQ6HrXkgKreghOQST5SC2pE5YURIXGAk5FzRt_d9LxKtb.webp
0127_ba9534f6-fxcCbtBRQEh_bus_number.jpg,340,bus_number,ba9534f6-fxcCbtBRQEhaxiqZLZtja6Y03nDJizzzQQ6HrXkgKreghOQST5SC2pE5YURIXGAk5FzRt_d9LxKtb.webp
0128_ba9534f6-fxcCbtBRQEh_bus_number.jpg,340,bus_number,ba9534f6-fxcCbtBRQEhaxiqZLZtja6Y03nDJizzzQQ6HrXkgKreghOQST5SC2pE5YURIXGAk5FzRt_d9LxKtb.webp
0129_ba9534f6-fxcCbtBRQEh_license.jpg,서울 74 사 8818,license,ba9534f6-fxcCbtBRQEhaxiqZLZtja6Y03nDJizzzQQ6HrXkgKreghOQST5SC2pE5YURIXGAk5FzRt_d9LxKtb.webp
0130_a9ca2a44-g3zGntXOogT_license.jpg,서울 74 사 1844,license,a9ca2a44-g3zGntXOogTQfnceX3MQh1p5fJEhrkbRBWjyQzibovihPJ4UDPCzNWqeeu6sbB72EZE_o_oDk1NqB.webp
0131_a9ca2a44-g3zGntXOogT_bus_number.jpg,422,bus_number,a9ca2a44-g3zGntXOogTQfnceX3MQh1p5fJEhrkbRBWjyQzibovihPJ4UDPCzNWqeeu6sbB72EZE_o_oDk1NqB.webp
0132_a9ca2a44-g3zGntXOogT_bus_number.jpg,422,bus_number,a9ca2a44-g3zGntXOogTQfnceX3MQh1p5fJEhrkbRBWjyQzibovihPJ4UDPCzNWqeeu6sbB72EZE_o_oDk1NqB.webp
0133_1aaf1003-G4Qx3ZMYidU_bus_number.jpg,162,bus_number,1aaf1003-G4Qx3ZMYidUaj9wXBTAr2c9_5sT6_staPB9g_G0iC4IA-QvzYypdRRTEzYZRmfdFqjDnu_Nb31Y3N.webp
0134_1aaf1003-G4Qx3ZMYidU_bus_number.jpg,162,bus_number,1aaf1003-G4Qx3ZMYidUaj9wXBTAr2c9_5sT6_staPB9g_G0iC4IA-QvzYypdRRTEzYZRmfdFqjDnu_Nb31Y3N.webp
0135_4ca9b38c-GoeT1R0gZXh_bus_number.jpg,8112,bus_number,4ca9b38c-GoeT1R0gZXhhSPf2_hi5dpB9Vug9hhfhEgqIMUZowg4lsnLnzBb4HmXZTh8tBSlWLA8w8_mG0dXhM.webp
0136_4ca9b38c-GoeT1R0gZXh_license.jpg,서울 74 사 3569,license,4ca9b38c-GoeT1R0gZXhhSPf2_hi5dpB9Vug9hhfhEgqIMUZowg4lsnLnzBb4HmXZTh8tBSlWLA8w8_mG0dXhM.webp
0137_ac6a3cf8-G_UiwQhHm8F_bus_number.jpg,654,bus_number,ac6a3cf8-G_UiwQhHm8Faej-KqKAGcTozNrBm_DPKW6kSiWv4ciTQSP3rvgI4RSL4BYo51HxI0yaU-_EZD81yw.webp
0138_ac6a3cf8-G_UiwQhHm8F_bus_number.jpg,654,bus_number,ac6a3cf8-G_UiwQhHm8Faej-KqKAGcTozNrBm_DPKW6kSiWv4ciTQSP3rvgI4RSL4BYo51HxI0yaU-_EZD81yw.webp
0139_ac6a3cf8-G_UiwQhHm8F_license.jpg,서울 75 사 1648,license,ac6a3cf8-G_UiwQhHm8Faej-KqKAGcTozNrBm_DPKW6kSiWv4ciTQSP3rvgI4RSL4BYo51HxI0yaU-_EZD81yw.webp
0140_963fff00-HH_S-BbWQ6u_bus_number.jpg,101,bus_number,963fff00-HH_S-BbWQ6u-GpJ3LoFuHZSft0Sn6uR_XJu2PYFY43S-uIrev8lqrQoHsNSywW4WvI_kF_yK1TceJ.webp
0141_963fff00-HH_S-BbWQ6u_license.jpg,서울 71 사 1229,license,963fff00-HH_S-BbWQ6u-GpJ3LoFuHZSft0Sn6uR_XJu2PYFY43S-uIrev8lqrQoHsNSywW4WvI_kF_yK1TceJ.webp
0142_2800e585-hq720_bus_number.jpg,640,bus_number,2800e585-hq720.jpg
0143_2800e585-hq720_license.jpg,서울 75 사 1357,license,2800e585-hq720.jpg
0144_de6b3fcc-HUPmM6Urs5e_bus_number.jpg,8773,bus_number,de6b3fcc-HUPmM6Urs5eyiODEkI4XYHv574zQT6_hw_1bDB1j-sOXz86FOJizB6-vzf8cKDa85ybH0_gUxjihc.webp
0145_de6b3fcc-HUPmM6Urs5e_license.jpg,서울 74 사 6149,license,de6b3fcc-HUPmM6Urs5eyiODEkI4XYHv574zQT6_hw_1bDB1j-sOXz86FOJizB6-vzf8cKDa85ybH0_gUxjihc.webp
0146_7d2674aa-images_1_bus_number.jpg,640,bus_number,7d2674aa-images_1.jpg
0147_7d2674aa-images_1_bus_number.jpg,640,bus_number,7d2674aa-images_1.jpg
0148_63187564-images_2_bus_number.jpg,6629,bus_number,63187564-images_2.jpg
0149_126604b0-images_3_bus_number.jpg,6102,bus_number,126604b0-images_3.jpg
0150_126604b0-images_3_bus_number.jpg,6102,bus_number,126604b0-images_3.jpg
0151_fe5376f1-images_bus_number.jpg,331,bus_number,fe5376f1-images.jpg
0152_ffdf5163-IMG_1678_bus_number.jpg,6629,bus_number,ffdf5163-IMG_1678.jpg
0153_ffdf5163-IMG_1678_bus_number.jpg,6629,bus_number,ffdf5163-IMG_1678.jpg
0154_ffdf5163-IMG_1678_license.jpg,서울 70 사 8162,license,ffdf5163-IMG_1678.jpg
0155_4c5b40b3-IMG_3351_bus_number.jpg,01,bus_number,4c5b40b3-IMG_3351.jpg
0156_4c5b40b3-IMG_3351_bus_number.jpg,01,bus_number,4c5b40b3-IMG_3351.jpg
0157_4c5b40b3-IMG_3351_bus_number.jpg,동작 01,bus_number,4c5b40b3-IMG_3351.jpg
0158_4c5b40b3-IMG_3351_bus_number.jpg,중대병원,bus_number,4c5b40b3-IMG_3351.jpg
0159_98df5e86-JEk66eFPBJq_bus_number.jpg,650,bus_number,98df5e86-JEk66eFPBJqm2ZIIO1tTeZACvqwFyknUHxcV_1YKYqkx6RdBrSru4kGLri4QZgRNdQb9D_HH3q370.webp
0160_98df5e86-JEk66eFPBJq_bus_number.jpg,650,bus_number,98df5e86-JEk66eFPBJqm2ZIIO1tTeZACvqwFyknUHxcV_1YKYqkx6RdBrSru4kGLri4QZgRNdQb9D_HH3q370.webp
0161_98df5e86-JEk66eFPBJq_license.jpg,대구 70 자 1313,license,98df5e86-JEk66eFPBJqm2ZIIO1tTeZACvqwFyknUHxcV_1YKYqkx6RdBrSru4kGLri4QZgRNdQb9D_HH3q370.webp
0162_1235dde5-kMeo_glktq7_bus_number.jpg,740,bus_number,1235dde5-kMeo_glktq7RanFGdB-gj45ZUg4EewIKlE3JfgqjY_PpqHNXsCSVjYtyullhXGi9D8lEA_N1mAf0a.webp
0163_1235dde5-kMeo_glktq7_bus_number.jpg,740,bus_number,1235dde5-kMeo_glktq7RanFGdB-gj45ZUg4EewIKlE3JfgqjY_PpqHNXsCSVjYtyullhXGi9D8lEA_N1mAf0a.webp
0164_1235dde5-kMeo_glktq7_license.jpg,서울 74 사 5806,license,1235dde5-kMeo_glktq7RanFGdB-gj45ZUg4EewIKlE3JfgqjY_PpqHNXsCSVjYtyullhXGi9D8lEA_N1mAf0a.webp
0165_140778cc-KTx1wZEZhU7_bus_number.jpg,8551,bus_number,140778cc-KTx1wZEZhU7_OKwTanNGbRWRK5zRpnucv6L468LZU1EMlX9PQBeiwrVoDlAhdeIh7YPG__aPMohHl.webp
0166_140778cc-KTx1wZEZhU7_license.jpg,서울 71 사 1565,license,140778cc-KTx1wZEZhU7_OKwTanNGbRWRK5zRpnucv6L468LZU1EMlX9PQBeiwrVoDlAhdeIh7YPG__aPMohHl.webp
0167_81a71715-l4ruxMOFniW_bus_number.jpg,성북 01,bus_number,81a71715-l4ruxMOFniW2cnlwLkwyuh6uDm-eYClF2gQ1L17pK3PbMj7BmzE0LDPv2wQBTgHh5Dlc7_KtR2Y2R.webp
0168_81a71715-l4ruxMOFniW_bus_number.jpg,마을버스,bus_number,81a71715-l4ruxMOFniW2cnlwLkwyuh6uDm-eYClF2gQ1L17pK3PbMj7BmzE0LDPv2wQBTgHh5Dlc7_KtR2Y2R.webp
0169_81a71715-l4ruxMOFniW_bus_number.jpg,성북 01,bus_number,81a71715-l4ruxMOFniW2cnlwLkwyuh6uDm-eYClF2gQ1L17pK3PbMj7BmzE0LDPv2wQBTgHh5Dlc7_KtR2Y2R.webp
0170_81a71715-l4ruxMOFniW_license.jpg,서울 70 사 6414,license,81a71715-l4ruxMOFniW2cnlwLkwyuh6uDm-eYClF2gQ1L17pK3PbMj7BmzE0LDPv2wQBTgHh5Dlc7_KtR2Y2R.webp
0171_88b926e4-mPAdgQ_9TMm_bus_number.jpg,종로 12,bus_number,88b926e4-mPAdgQ_9TMmxcCm4gbbXRy6uJOTdNamYzOwNKWECmmbnYeYoaGsJG0quT1S-qpGzLTe_h_xkk7VyO.webp
0172_88b926e4-mPAdgQ_9TMm_bus_number.jpg,종로 12,bus_number,88b926e4-mPAdgQ_9TMmxcCm4gbbXRy6uJOTdNamYzOwNKWECmmbnYeYoaGsJG0quT1S-qpGzLTe_h_xkk7VyO.webp
0173_88b926e4-mPAdgQ_9TMm_license.jpg,서울 70 사 5525,license,88b926e4-mPAdgQ_9TMmxcCm4gbbXRy6uJOTdNamYzOwNKWECmmbnYeYoaGsJG0quT1S-qpGzLTe_h_xkk7VyO.webp
0174_43243940-mZxsq7WbdkZ_bus_number.jpg,172,bus_number,43243940-mZxsq7WbdkZ_yyCBcFmHsro2D374tDkV2itWyYvBRiJ3ne8P_aYvb1tQ2nJ_arC3jJHcS_NmXxvln.webp
0175_43243940-mZxsq7WbdkZ_license.jpg,서울 74 사 3470,license,43243940-mZxsq7WbdkZ_yyCBcFmHsro2D374tDkV2itWyYvBRiJ3ne8P_aYvb1tQ2nJ_arC3jJHcS_NmXxvln.webp
0176_2ea77da9-news_169103_bus_number.jpg,143,bus_number,2ea77da9-news_1691038340_1260028_m_1.jpeg
0177_2ea77da9-news_169103_bus_number.jpg,143,bus_number,2ea77da9-news_1691038340_1260028_m_1.jpeg
0178_2ea77da9-news_169103_license.jpg,서울 74 사 2217,license,2ea77da9-news_1691038340_1260028_m_1.jpeg
0179_c61abbf3-NISI2023042_bus_number.jpg,동작 01,bus_number,c61abbf3-NISI20230420_0019861326_web.jpg
0180_c61abbf3-NISI2023042_license.jpg,서울 75 사 5506,license,c61abbf3-NISI20230420_0019861326_web.jpg
0181_c61abbf3-NISI2023042_bus_number.jpg,동작 01,bus_number,c61abbf3-NISI20230420_0019861326_web.jpg
0182_ad6d50f3-Nmq3vJAS4O5_bus_number.jpg,8761,bus_number,ad6d50f3-Nmq3vJAS4O5GT8UhjK0jmVLccMYh_fVjCSnQ4yfgQy-eThnCr3qc4sACGVMu3o8SKmMkm_WoRNbuU.webp
0183_ad6d50f3-Nmq3vJAS4O5_bus_number.jpg,8761,bus_number,ad6d50f3-Nmq3vJAS4O5GT8UhjK0jmVLccMYh_fVjCSnQ4yfgQy-eThnCr3qc4sACGVMu3o8SKmMkm_WoRNbuU.webp
0184_ad6d50f3-Nmq3vJAS4O5_license.jpg,서울 70 사 7766,license,ad6d50f3-Nmq3vJAS4O5GT8UhjK0jmVLccMYh_fVjCSnQ4yfgQy-eThnCr3qc4sACGVMu3o8SKmMkm_WoRNbuU.webp
0185_57949364-O-hIfMCPeq4_bus_number.jpg,6629,bus_number,57949364-O-hIfMCPeq4cbvwqme3uzAygGC6FE6Tjxp0dJx7DN8mnQpsdXN1WFW5cvFKaeL7hdnZTT_EXzEial.webp
0186_57949364-O-hIfMCPeq4_bus_number.jpg,6629,bus_number,57949364-O-hIfMCPeq4cbvwqme3uzAygGC6FE6Tjxp0dJx7DN8mnQpsdXN1WFW5cvFKaeL7hdnZTT_EXzEial.webp
0187_57949364-O-hIfMCPeq4_license.jpg,서울 75 사 1852,license,57949364-O-hIfMCPeq4cbvwqme3uzAygGC6FE6Tjxp0dJx7DN8mnQpsdXN1WFW5cvFKaeL7hdnZTT_EXzEial.webp
0188_5c556a5d-ObNNP3bVaV5_bus_number.jpg,301,bus_number,5c556a5d-ObNNP3bVaV5Y6ryOUmVWL_s66W72JBqqMmQnaR4XGziPYe7dVVU9x3qur9skYK7x9i-aY_4Y2eFaL.webp
0189_5c556a5d-ObNNP3bVaV5_bus_number.jpg,301,bus_number,5c556a5d-ObNNP3bVaV5Y6ryOUmVWL_s66W72JBqqMmQnaR4XGziPYe7dVVU9x3qur9skYK7x9i-aY_4Y2eFaL.webp
0190_5c556a5d-ObNNP3bVaV5_license.jpg,서울 70 사 9207,license,5c556a5d-ObNNP3bVaV5Y6ryOUmVWL_s66W72JBqqMmQnaR4XGziPYe7dVVU9x3qur9skYK7x9i-aY_4Y2eFaL.webp
0191_11eaaca7-P1WgVcJQ_eb_bus_number.jpg,01A,bus_number,11eaaca7-P1WgVcJQ_eblcWBpe477gU40F9pgMSnvlbnniz5wKn08VV3CwgeqmyWphoqFyXTcgByl-_0EFGVzZ.webp
0192_11eaaca7-P1WgVcJQ_eb_license.jpg,서울 71 사 2709,license,11eaaca7-P1WgVcJQ_eblcWBpe477gU40F9pgMSnvlbnniz5wKn08VV3CwgeqmyWphoqFyXTcgByl-_0EFGVzZ.webp
0193_766ba3bc-prNGmpzmTbl_bus_number.jpg,500,bus_number,766ba3bc-prNGmpzmTblagIYsEEaNkbRzJuGbnBxt.jpg
0194_42501573-qafjs1rQabx_bus_number.jpg,08,bus_number,42501573-qafjs1rQabxeSCTZgzIuV3VkCxdkRQRIyQFkIMTMdL30dKkdyk-yoOggK08zrDkagHSJf_bkqqFBM.webp
0195_42501573-qafjs1rQabx_bus_number.jpg,동작 08,bus_number,42501573-qafjs1rQabxeSCTZgzIuV3VkCxdkRQRIyQFkIMTMdL30dKkdyk-yoOggK08zrDkagHSJf_bkqqFBM.webp
0196_42501573-qafjs1rQabx_bus_number.jpg,동작 08,bus_number,42501573-qafjs1rQabxeSCTZgzIuV3VkCxdkRQRIyQFkIMTMdL30dKkdyk-yoOggK08zrDkagHSJf_bkqqFBM.webp
0197_42501573-qafjs1rQabx_license.jpg,서울 75 사 8718,license,42501573-qafjs1rQabxeSCTZgzIuV3VkCxdkRQRIyQFkIMTMdL30dKkdyk-yoOggK08zrDkagHSJf_bkqqFBM.webp
0198_c2b14a01-qGpaJOgYxUt_bus_number.jpg,1137,bus_number,c2b14a01-qGpaJOgYxUtLeR2RJJkqNDD3g52MWufEK87ODu1DMRERZy2WZzzawZKCAZmLFhjg2_R_K_h3YtCMa.webp
0199_c2b14a01-qGpaJOgYxUt_license.jpg,서울 75 사 2895,license,c2b14a01-qGpaJOgYxUtLeR2RJJkqNDD3g52MWufEK87ODu1DMRERZy2WZzzawZKCAZmLFhjg2_R_K_h3YtCMa.webp
0200_05ebd5e0-Q_e6kl0T0Lr_bus_number.jpg,402,bus_number,05ebd5e0-Q_e6kl0T0LrDgt2_0Y_MGSv8nkmSQyL-sUbor9FduLc9Y1VsfSkVqvM79Hz7Qn3Xt4Bs0_GCjBDaE.webp
0201_05ebd5e0-Q_e6kl0T0Lr_bus_number.jpg,402,bus_number,05ebd5e0-Q_e6kl0T0LrDgt2_0Y_MGSv8nkmSQyL-sUbor9FduLc9Y1VsfSkVqvM79Hz7Qn3Xt4Bs0_GCjBDaE.webp
0202_05ebd5e0-Q_e6kl0T0Lr_license.jpg,서울 70 사 9558,license,05ebd5e0-Q_e6kl0T0LrDgt2_0Y_MGSv8nkmSQyL-sUbor9FduLc9Y1VsfSkVqvM79Hz7Qn3Xt4Bs0_GCjBDaE.webp
0203_ff09a21c-rrlSgk08DG1_bus_number.jpg,700,bus_number,ff09a21c-rrlSgk08DG1xYf2MibeN9ycvIXKNUrJyploY5HtalfHZXalOQd0z1AUdpksbeqdz7cVDv_Hh0pcqq.webp
0204_ff09a21c-rrlSgk08DG1_bus_number.jpg,700,bus_number,ff09a21c-rrlSgk08DG1xYf2MibeN9ycvIXKNUrJyploY5HtalfHZXalOQd0z1AUdpksbeqdz7cVDv_Hh0pcqq.webp
0205_ff09a21c-rrlSgk08DG1_bus_number.jpg,016,bus_number,ff09a21c-rrlSgk08DG1xYf2MibeN9ycvIXKNUrJyploY5HtalfHZXalOQd0z1AUdpksbeqdz7cVDv_Hh0pcqq.webp
0206_ff09a21c-rrlSgk08DG1_license.jpg,서울 74 사 4109,license,ff09a21c-rrlSgk08DG1xYf2MibeN9ycvIXKNUrJyploY5HtalfHZXalOQd0z1AUdpksbeqdz7cVDv_Hh0pcqq.webp
0207_ec623acd-s1WorpV-dkl_bus_number.jpg,654,bus_number,ec623acd-s1WorpV-dklZu8dYtfA9_SZcAwKryB3F_5zbN9cckrBbhMwtyZVrIjTGiuKPPDR343jxj_BAlpLq9.webp
0208_ec623acd-s1WorpV-dkl_license.jpg,서울 734 사 1402,license,ec623acd-s1WorpV-dklZu8dYtfA9_SZcAwKryB3F_5zbN9cckrBbhMwtyZVrIjTGiuKPPDR343jxj_BAlpLq9.webp
0209_78db0c96-Seoul_Bus_6_bus_number.jpg,650,bus_number,78db0c96-Seoul_Bus_650.jpg
0210_78db0c96-Seoul_Bus_6_bus_number.jpg,650,bus_number,78db0c96-Seoul_Bus_650.jpg
0211_b5221c37-Tb1zwtShDrE_bus_number.jpg,4319,bus_number,b5221c37-Tb1zwtShDrE4Ytl0yVg9sghG2SvIpn5RMbQ7R7B62g6Wsedp3tYflB_65k4Mkj6o_tuz8_cma6Gue.webp
0212_b5221c37-Tb1zwtShDrE_bus_number.jpg,4319,bus_number,b5221c37-Tb1zwtShDrE4Ytl0yVg9sghG2SvIpn5RMbQ7R7B62g6Wsedp3tYflB_65k4Mkj6o_tuz8_cma6Gue.webp
0213_b5221c37-Tb1zwtShDrE_license.jpg,서울 74 사 1619,license,b5221c37-Tb1zwtShDrE4Ytl0yVg9sghG2SvIpn5RMbQ7R7B62g6Wsedp3tYflB_65k4Mkj6o_tuz8_cma6Gue.webp
0214_9cd417d2-TGCsX9-16hT_bus_number.jpg,604,bus_number,9cd417d2-TGCsX9-16hTk9wb6ecZp5No_70YreuS8hSb0JD-eJKRIoK6UH81Rnbs1_LftiACzrwEIG_HhV21bp.webp
0215_9cd417d2-TGCsX9-16hT_license.jpg,서울 70 사 8016,license,9cd417d2-TGCsX9-16hTk9wb6ecZp5No_70YreuS8hSb0JD-eJKRIoK6UH81Rnbs1_LftiACzrwEIG_HhV21bp.webp
0216_b46ef327-TTNZ0VLNltU_bus_number.jpg,605,bus_number,b46ef327-TTNZ0VLNltUopMvxKN_hvyKmaKMjSKJroWzxj8n59BaGp6RSQhBuxy_w4RvOgGh_eCfxQ_7WwnJPC.webp
0217_b46ef327-TTNZ0VLNltU_bus_number.jpg,1369,bus_number,b46ef327-TTNZ0VLNltUopMvxKN_hvyKmaKMjSKJroWzxj8n59BaGp6RSQhBuxy_w4RvOgGh_eCfxQ_7WwnJPC.webp
0218_b46ef327-TTNZ0VLNltU_license.jpg,서울 74 사 1369,license,b46ef327-TTNZ0VLNltUopMvxKN_hvyKmaKMjSKJroWzxj8n59BaGp6RSQhBuxy_w4RvOgGh_eCfxQ_7WwnJPC.webp
0219_c9b07eda-TYls7HMlYUA_bus_number.jpg,660,bus_number,c9b07eda-TYls7HMlYUAKO-QwZjJQDnd37JdPHcp936bWTMuuD5gvL6JyKF22ANX9eRb1oTINJhwt-_SewSUS1.webp
0220_c9b07eda-TYls7HMlYUA_bus_number.jpg,660,bus_number,c9b07eda-TYls7HMlYUAKO-QwZjJQDnd37JdPHcp936bWTMuuD5gvL6JyKF22ANX9eRb1oTINJhwt-_SewSUS1.webp
0221_c9b07eda-TYls7HMlYUA_license.jpg,서울 74 사 2814,license,c9b07eda-TYls7HMlYUAKO-QwZjJQDnd37JdPHcp936bWTMuuD5gvL6JyKF22ANX9eRb1oTINJhwt-_SewSUS1.webp
0222_5b6561f6-TzUg4Tj4jyR_bus_number.jpg,1116,bus_number,5b6561f6-TzUg4Tj4jyRaR1yVz6H5NTinT9tuk9V917xM9dBXSRhc6d9FN5SrVFRlj4s1M0u57wdhG_UCxfNd2.webp
0223_5b6561f6-TzUg4Tj4jyR_license.jpg,서울 74 사 2249,license,5b6561f6-TzUg4Tj4jyRaR1yVz6H5NTinT9tuk9V917xM9dBXSRhc6d9FN5SrVFRlj4s1M0u57wdhG_UCxfNd2.webp
0224_461a864d-unnamed_bus_number.jpg,730,bus_number,461a864d-unnamed.jpg
0225_461a864d-unnamed_bus_number.jpg,6716,bus_number,461a864d-unnamed.jpg
0226_2ef2274e-uZY7SG8gIa8_bus_number.jpg,720,bus_number,2ef2274e-uZY7SG8gIa8hTz3ktLaZAAb-UjeavwBYDod1KDJR5Lxaq4s_dwKwn_rThVC0VigDNrSf0_TsCWsup.webp
0227_2ef2274e-uZY7SG8gIa8_license.jpg,서울 74 사 7835,license,2ef2274e-uZY7SG8gIa8hTz3ktLaZAAb-UjeavwBYDod1KDJR5Lxaq4s_dwKwn_rThVC0VigDNrSf0_TsCWsup.webp
0228_f3dfa241-VTL12ikx1jh_bus_number.jpg,709,bus_number,f3dfa241-VTL12ikx1jhRxRwPEi5ZtOYxmQ7jOX1z0DFZcyOXz-91QDq2iIaRNr8EXZsYWL8-8B7p0_n5j8Q4X.webp
0229_f3dfa241-VTL12ikx1jh_license.jpg,서울 74 사 7837,license,f3dfa241-VTL12ikx1jhRxRwPEi5ZtOYxmQ7jOX1z0DFZcyOXz-91QDq2iIaRNr8EXZsYWL8-8B7p0_n5j8Q4X.webp
0230_a09b8a63-WF5_DFnBRNs_bus_number.jpg,741,bus_number,a09b8a63-WF5_DFnBRNsV2Bqo5-qukRnr8F-U31w1kOwCfm7dQWfv3LDFFLhGx1VAQTI8P3On4Ekk2_DH1Pgbv.webp
0231_a09b8a63-WF5_DFnBRNs_license.jpg,서울 71 사 1817,license,a09b8a63-WF5_DFnBRNsV2Bqo5-qukRnr8F-U31w1kOwCfm7dQWfv3LDFFLhGx1VAQTI8P3On4Ekk2_DH1Pgbv.webp
0232_abc37036-WfCk4kfQ5SE_bus_number.jpg,402,bus_number,abc37036-WfCk4kfQ5SEJpS29LSmf36rOg8bTYTHRp5mI855ezqVh0kWdMQuNca_WeAKXnu8LQ5geA_1jLhgFk.webp
0233_abc37036-WfCk4kfQ5SE_license.jpg,서울 70 사 9525,license,abc37036-WfCk4kfQ5SEJpS29LSmf36rOg8bTYTHRp5mI855ezqVh0kWdMQuNca_WeAKXnu8LQ5geA_1jLhgFk.webp
